Level,Baseline_Rec,Simulation_Rec,Rec_Difference,Rec_Pct_Diff,Baseline_Churn,Simulation_Churn,Churn_Difference,Churn_Pct_Diff
A,2.076,0.9886463844797179,-1.087353615520282,-52.37734178806753,0.238,0.11199294532627865,-0.12600705467372134,-52.94414061921064
AC,0.636,0.82826278659612,0.19226278659611995,30.229997892471687,0.318,0.4233906525573192,0.10539065255731922,33.14171464066642
AM,0.011,0.015542328042328041,0.004542328042328042,41.29389129389129,0.168,0.2927689594356261,0.12476895943562608,74.26723775930122
C,0.155,0.0419973544973545,-0.1130026455026455,-72.90493258235193,0.276,0.08079805996472664,-0.19520194003527339,-70.72534059249035
M,0.0,0.0,0.0,0.0,0.112,0.060515873015873016,-0.051484126984126986,-45.96797052154195
PiP,0.0,0.0,0.0,0.0,0.0,0.0,0.0,0.0
SrC,0.032,0.019069664902998235,-0.012930335097001765,-40.40729717813051,0.206,0.14230599647266315,-0.06369400352733684,-30.919419188027593
SrM,0.0,0.0,0.0,0.0,0.066,0.009479717813051146,-0.05652028218694886,-85.63679119234675
