Level,Baseline_FTE,Expected_Final_FTE,Actual_Final_FTE,Expected_Growth,Actual_Growth,Growth_Difference,Recruitment_Rate_Diff,Churn_Rate_Diff
A,163.0,363.45947251324026,857.2361111111111,2.229812714805155,5.259117246080436,3.029304531275281,13.261520876200969,1.49611720484114
AC,231.0,255.4807888251845,2145.5833333333335,1.1059774408016645,9.288239538239539,8.182262097437874,4.583997099985758,2.3463738170142796
AM,418.0,406.13096073997554,2892.8888888888887,0.9716051692343912,6.920786815523657,5.949181646289266,0.06769473037332924,1.2351574742664002
C,356.0,345.89144024744326,531.0972222222222,0.9716051692343912,1.4918461298377028,0.5202409606033116,0.9563649677031304,1.8368911320902745
M,156.0,148.32982759283186,895.5416666666666,0.9508322281591786,5.7406517094017095,4.789819481242531,0.0,0.7814400037221421
PiP,43.0,43.0,150.5,1.0,3.5,2.5,0.0,0.0
SrC,409.0,397.38651421686603,1221.625,0.9716051692343913,2.9868581907090466,2.0152530214746553,0.1866870175199245,1.4177626567527315
SrM,66.0,61.41282674691342,247.375,0.9304973749532336,3.7481060606060606,2.817608685652827,0.0,0.3828476784009881
